"1","Maxime nihil quo consequuntur dolore ut.","Consequuntur sit minus nemo reiciendis. Nihil et id ad maxime modi est fugiat. Aliquam et veniam maxime dolores aut ullam repellendus. Ut cumque tempora tempore ullam voluptatem qui odit. Et itaque doloribus qui et sint. Deserunt quasi at doloremque.","A est at molestias vel sint et cupiditate.","2018-10-08 03:17:13","2018-10-08 03:17:13",NULL
"2","Sed nihil asperiores non.","Est et sint et reprehenderit officiis. Tenetur sapiente eum doloribus at deserunt est eum. Dicta qui autem sed aut. Et quisquam ea quis ab veritatis soluta. Cum vero doloribus ducimus et voluptas. Odio quaerat aut sunt sed iure. Quis molestiae necessitatibus quisquam dolorem sequi ducimus. Repellat illum et officiis tempore ut vero. Dolores soluta soluta quos laborum aspernatur. Harum et nihil minima dolorem id saepe aut ducimus. Non voluptatem molestiae dolor quo.","Optio voluptate doloremque sed.","2018-10-08 03:17:13","2018-10-08 03:17:13",NULL
"3","Atque sed harum numquam quia velit impedit qui.","Exercitationem dolorem dolores ipsa quia. Autem qui ut at ratione repudiandae enim dolorem. Ipsum autem labore enim a quia sunt explicabo et. Quia quo dignissimos dolores accusamus sed qui. Necessitatibus voluptas nisi corporis rerum repellendus molestias est. Autem officia quidem accusamus ut aliquam est mollitia. Totam facilis officiis illum architecto. Unde fugit recusandae et ut quod provident. Itaque nihil nemo error omnis.","Molestias amet sed aut eum doloribus non.","2018-10-08 03:17:13","2018-10-08 03:17:13",NULL
"4","Minima molestiae et quo totam et quos.","Consequatur totam ut quia dolor vitae. Velit dolorem ducimus velit recusandae. Nihil sint voluptatem repellat velit. Quidem quo voluptatem quam omnis laboriosam nobis velit. Sed esse voluptatem consequatur odit et necessitatibus. Molestias est corrupti et et aut. Nulla natus quia possimus illum vel.","Temporibus alias ipsam rerum.","2018-10-08 03:17:13","2018-10-08 03:17:13",NULL
"5","Ut nobis ipsa veritatis odit.","Voluptatum esse exercitationem omnis ipsa. Non et architecto ea aliquid praesentium velit.","Est odio mollitia qui possimus quisquam et ut quae.","2018-10-08 03:17:13","2018-10-08 03:17:13",NULL
"6","Eos modi maiores neque ipsam id voluptates.","Ut et cupiditate culpa distinctio eos ducimus. Tempora ipsa neque consectetur quas dolor dolorem. Et corporis ut nihil voluptas ad eos rerum. Amet odio praesentium dolorem quod eos. Et ut accusantium quibusdam quam illo molestias. Consequatur praesentium voluptatum excepturi mollitia non. Fugit repudiandae est voluptatibus. Magni rerum alias nisi rerum qui omnis.","Sit eius exercitationem suscipit qui autem porro.","2018-10-08 03:17:13","2018-10-08 03:17:13",NULL
"7","Eos incidunt aut non labore aut quia.","Qui ea pariatur omnis neque vel perspiciatis. Voluptatum possimus unde qui rem.","Id corporis voluptatem velit tenetur.","2018-10-08 03:17:13","2018-10-08 03:17:13",NULL
"8","Reprehenderit ea nulla est culpa.","Et id et qui aut. Dicta voluptatem excepturi dolorum ut cumque. Tenetur ducimus occaecati ea non. Ut dolores saepe totam.","Consequatur nobis necessitatibus optio esse velit voluptas.","2018-10-08 03:17:13","2018-10-08 03:17:13",NULL
"9","In autem autem quisquam reprehenderit fugiat.","Ut quasi laboriosam sed voluptas. Ea dolor rerum nemo dolores deleniti est beatae odio.","Illo sed et magnam dolore.","2018-10-08 03:17:13","2018-10-08 03:17:13",NULL
"10","Qui veritatis qui omnis est ducimus molestiae nesciunt.","Harum velit reiciendis voluptatum quaerat voluptatem aut beatae. Debitis adipisci odit ipsam possimus. Rerum laborum rerum nihil necessitatibus illo. Consequatur corporis id sint eligendi dolor eum. Aut est ut recusandae fugit. Voluptas quod commodi dicta nisi ea aperiam. Similique pariatur odit ullam sed id est. Voluptatem porro aut impedit aut. Molestias esse corporis quia accusantium qui qui minima id.","Non eaque saepe et quidem qui doloribus fugit.","2018-10-08 03:17:13","2018-10-08 03:17:13",NULL
"11","Architecto ut ut rerum molestias nobis.","Itaque est velit harum odio omnis enim dicta autem. Optio accusamus tenetur quaerat non vel ut tempore. Suscipit voluptas debitis fuga rerum. Aut rem dolor illum dicta sint. Reprehenderit est ipsum ut quia quam aliquid. Id hic qui ut temporibus. Dolorum ducimus ut rerum. Corporis voluptatem omnis harum voluptas voluptatem aut. Est reiciendis iste inventore ipsum. Et voluptates eum ut. Corporis ratione maiores repellendus pariatur ea.","In sint quod natus officia quia repudiandae animi ipsa.","2018-10-08 03:17:13","2018-10-08 03:17:13",NULL
"12","Maiores suscipit laudantium est expedita dolorum.","Et debitis ex est tenetur possimus. Minus voluptatibus quia quasi tempora. Sit quis quae totam eum sunt similique pariatur. Non nam natus vel reprehenderit in voluptate voluptas. Omnis ratione autem rem quibusdam iusto. Eos repellendus officiis voluptate perspiciatis. Excepturi mollitia et sit deleniti dolor illum. Asperiores officia fugit earum suscipit incidunt.","Autem laborum ut eum iusto.","2018-10-08 03:17:13","2018-10-08 03:17:13",NULL
"13","Qui omnis blanditiis ut ad aut corrupti quod.","Excepturi labore esse iure et corporis fugit necessitatibus est. Amet maxime ad quia officiis qui voluptatibus sed accusantium. Magni iusto quisquam esse nobis. Pariatur nostrum maiores labore dolores voluptas. Ut non sapiente perferendis aut iste. Rerum mollitia voluptas voluptatem aut omnis. Optio dolor asperiores et fugiat modi repellat incidunt et. Aut corporis natus soluta reprehenderit iure. Magnam ex sint velit voluptas occaecati minus.","Itaque explicabo voluptatem rerum quo dolorem.","2018-10-08 03:17:13","2018-10-08 03:17:13",NULL
"14","Totam sed velit totam occaecati aut.","Earum eaque dicta perspiciatis in consequatur voluptatibus eligendi. Illum dolorum fugiat voluptatem voluptatem illo eum magni odit. Sint ut fugiat omnis. In ea numquam ea dolore tenetur quia. Eos earum aliquid aut voluptas quisquam. Quis dignissimos molestiae et aut at aperiam. Quasi voluptate ipsa ad vero ut. Explicabo dolore placeat nisi quod in. Facere repudiandae ullam dolor ut nesciunt. A recusandae excepturi neque. Eveniet facilis sit praesentium sunt et neque illo. Sed delectus porro qui necessitatibus debitis necessitatibus quis. Necessitatibus quibusdam unde temporibus quod et quis nobis.","Id placeat fuga voluptates excepturi.","2018-10-08 03:17:13","2018-10-08 03:17:13",NULL
"15","Et doloribus hic tenetur dolorem aut optio animi.","Quam facilis tenetur praesentium quod. Voluptatem commodi quia quas est aut. Sit qui dolor eligendi quibusdam iusto saepe temporibus. Aperiam eum hic nesciunt debitis qui eaque. Voluptatem delectus unde qui nisi vitae. Id asperiores quia consequuntur vitae. Sed tempore fugiat quisquam omnis a cumque architecto. Ut quia quam autem aliquam accusantium error animi. Facilis provident saepe blanditiis omnis suscipit cumque et. Repudiandae quasi sapiente odio perspiciatis. Numquam delectus temporibus aut suscipit dolore in. Et consequatur minus molestiae ut.","Tempora est atque et a minima harum.","2018-10-08 03:17:13","2018-10-08 03:17:13",NULL
"16","Quia eius ratione cupiditate molestias in perferendis quia quasi.","Temporibus officia temporibus labore tempore sed autem id. Dolores qui porro omnis at. Consequatur unde quo voluptatem quod qui nesciunt.","Consequatur asperiores hic consequatur aperiam est aliquam.","2018-10-08 03:17:13","2018-10-08 03:17:13",NULL
"17","Nisi voluptates et quae nemo rem itaque nemo.","Qui fuga est ea iste qui et inventore. Vel deserunt autem officia provident voluptate aut. Vel error aut aspernatur voluptatem est consequuntur autem. Sit exercitationem perspiciatis dicta quod natus. Dolorum molestiae provident eaque est quasi minus. Ut ut sed aut pariatur minima velit. Quis rerum necessitatibus hic praesentium sit est. Eius dolor blanditiis dolorem rem sit fuga. Temporibus et quidem ducimus.","Harum distinctio nam quas quod.","2018-10-08 03:17:13","2018-10-08 03:17:13",NULL
"18","Eius placeat omnis sit minus accusamus quidem odit.","Velit ut ex non. Excepturi quas fugiat molestiae natus. Voluptatibus ratione dolor ratione expedita dolores facere alias. Sed dolor sint molestiae sapiente ex aut. Voluptates voluptas consequuntur libero sit delectus tenetur minus. Quibusdam nisi dolorem dolore veritatis laudantium laborum iusto. Molestias optio et hic. Nulla cupiditate sit tempora. Temporibus fuga assumenda sint quia quia. Expedita esse voluptatibus eius alias.","Quae in corporis sequi qui neque.","2018-10-08 03:17:13","2018-10-08 03:17:13",NULL
"19","Vitae tempore dolore fugit temporibus quasi.","Dolor facere modi corrupti. Officiis a veniam amet. Adipisci temporibus vel magni dolore. Ut ex ullam ipsum rerum exercitationem qui. Nobis et consequuntur eius esse est eum. In enim suscipit velit omnis sit reprehenderit repudiandae.","Quisquam itaque veniam et quasi modi.","2018-10-08 03:17:13","2018-10-08 03:17:13",NULL
"20","Et aut quis illo officiis iusto et odit voluptatem.","Amet et est consequatur perferendis adipisci sunt quibusdam quam. Corrupti itaque consequatur enim omnis non distinctio. Sunt qui iusto doloremque nam non quibusdam corporis. Quo modi et a iste natus repellat harum. Voluptas sint enim nemo vel. Ut et enim omnis magni non. Totam officia quia quo et quam est.","Quasi incidunt dolorem inventore occaecati pariatur.","2018-10-08 03:17:13","2018-10-08 03:17:13",NULL
"21","Eos praesentium reprehenderit est nesciunt voluptas.","Porro ut necessitatibus omnis id accusantium ab quia. Ducimus eligendi occaecati sint iusto. Ea ut cumque ab beatae inventore ut facere. Qui deleniti nemo vel a. Et et officiis minima incidunt quod saepe. Non quia qui dolores corrupti non. Eligendi et laboriosam est mollitia et voluptatem. Voluptatem fuga ut ipsa. Necessitatibus fugit nam perferendis ducimus pariatur assumenda fugit. Temporibus quia excepturi repudiandae numquam.","Illum iure sed consectetur provident sunt provident qui.","2018-10-08 03:17:13","2018-10-08 03:17:13",NULL
"22","Suscipit dolor tempore iste repudiandae a.","Dicta delectus sit sit dicta. Qui totam quia qui dolore. Minima et qui asperiores.","Cumque illum ea sint.","2018-10-08 03:17:14","2018-10-08 03:17:14",NULL
"23","Dolore vitae praesentium aliquid rerum ut sit quia.","Est qui non ea dolor sapiente dolor doloribus fugiat. Beatae non qui nam dolorem non. Autem vero aut pariatur aliquam qui. Deserunt a hic nobis omnis facere veniam porro. Excepturi molestias dignissimos aspernatur quia repudiandae quia atque.","Eaque provident delectus unde distinctio delectus iure facilis.","2018-10-08 03:17:14","2018-10-08 03:17:14",NULL
"24","Qui eveniet provident aut voluptatum.","Voluptate quam eligendi fuga at dolor debitis incidunt. Ducimus autem et soluta rerum. Occaecati quis ullam qui sunt fugiat libero magni perferendis. Quis placeat dolor dolor minima suscipit occaecati deserunt.","Vel voluptate mollitia id est non consectetur magnam neque.","2018-10-08 03:17:14","2018-10-08 03:17:14",NULL
"25","Aut dolores illo dolores voluptatibus.","Quis dolor velit ipsa sequi. Porro est quod perferendis nesciunt ut possimus ipsa. Ut rerum iure quis dolorem debitis consequatur quia. Eveniet animi esse laudantium deserunt suscipit culpa ut ea. Et illum magnam et est autem voluptatem. Perspiciatis qui nemo maiores quisquam qui similique. Totam dolorem fugit quidem. Dolore incidunt dolorum praesentium et animi veniam magni aliquid. Rerum natus mollitia omnis qui iusto deleniti. Illum nostrum eveniet dolor est numquam ut sunt. Soluta necessitatibus a officiis hic est in nulla molestiae. Sapiente consequuntur consequuntur minus quidem culpa.","Quidem id animi quisquam quo rerum.","2018-10-08 03:17:14","2018-10-08 03:17:14",NULL
"26","In est voluptas laborum molestias ut.","Delectus odit ea voluptatem magni cumque sunt dolores. Alias pariatur quo provident minima. Est in aut molestias iste quasi. Minus neque voluptatem ut et voluptas est.","Aspernatur esse aut culpa molestias dignissimos exercitationem cum aut.","2018-10-08 03:17:14","2018-10-08 03:17:14",NULL
"27","Deleniti error saepe magnam nam dolores mollitia velit.","Aspernatur sed consectetur quas iste magnam. Voluptatem molestias sed debitis asperiores. Consequatur suscipit beatae exercitationem debitis ea voluptas beatae aliquam. Id consequatur incidunt porro voluptas eligendi ut consectetur. Quasi doloremque nostrum deserunt. Ex enim expedita omnis quis est. Et qui voluptate voluptatum ab quo sunt velit. Similique dicta inventore incidunt mollitia neque. Quisquam illo saepe dolore eligendi suscipit ratione sint. Alias inventore optio et illo dignissimos iure ea.","Enim in qui consectetur nulla ad.","2018-10-08 03:17:14","2018-10-08 03:17:14",NULL
"28","Optio tenetur explicabo eligendi dolor iusto soluta commodi.","Rerum eum et alias. Dolor est velit ea et. Expedita et rerum dignissimos. Sint voluptate voluptates in repellat sunt. Eligendi qui est reiciendis voluptas sed similique natus. Ut amet in et facere quas consequatur consectetur. Maxime nisi repellat illo perferendis recusandae in. Voluptates sint tenetur qui officiis mollitia.","Voluptate saepe voluptas repellendus aut quod id enim.","2018-10-08 03:17:14","2018-10-08 03:17:14",NULL
"29","Atque vitae necessitatibus in non dolorem esse.","Fugit harum totam et architecto odio dignissimos amet. Est possimus id esse alias facere. Sequi dicta dignissimos voluptas sunt est consequuntur ut. Deserunt consequatur voluptatibus alias ullam incidunt non unde.","Dolores ea voluptate vel numquam nostrum voluptatibus cumque.","2018-10-08 03:17:14","2018-10-08 03:17:14",NULL
"30","Aut iusto sed eius qui perferendis.","Deserunt possimus est voluptate veritatis occaecati nam nihil dicta. Voluptatem et aliquid et nisi. A minima reiciendis assumenda ea sit quas non dolor. Quidem omnis consequatur recusandae ut pariatur veniam velit. Excepturi voluptates eveniet quis. Amet voluptas sapiente deserunt nostrum nemo delectus vel quis. Perferendis tempora earum necessitatibus facere ab adipisci. Tenetur vel repellat corrupti incidunt culpa dolore similique. Id earum delectus est nulla voluptate. Facere iure incidunt quia maxime modi et enim. Et sint quidem praesentium non quo. Maiores repellendus ut aut magnam aspernatur.","Aut est et minima quia.","2018-10-08 03:17:14","2018-10-08 03:17:14",NULL
"31","Suscipit nisi perferendis qui cupiditate explicabo officiis culpa.","Unde harum et non sed veniam expedita. Est labore est corrupti ipsum magnam et. Cupiditate doloribus soluta quam aut. Impedit delectus enim maiores dolor sed. Atque mollitia rerum perspiciatis repudiandae non ad. Nostrum voluptatem sunt magnam qui. Doloribus earum quia delectus. Omnis impedit voluptas qui dolorem perspiciatis minus non. Et dolorem vero error sit.","Dicta debitis rerum iste.","2018-10-08 03:17:14","2018-10-08 03:17:14",NULL
"32","Qui eos dolorem ut molestiae.","At voluptatibus perferendis minus nobis dolore explicabo. Deserunt et et et eos ipsum. Quia dolorum quibusdam repellat eum amet quod nulla. Dolorum omnis molestiae est sequi.","Eius voluptate eligendi aliquam non aliquam ut.","2018-10-08 03:17:14","2018-10-08 03:17:14",NULL
"33","Non ipsam enim blanditiis aut.","Occaecati illo repellat et dolorum fugit eveniet sunt. Vel minus ea magni quibusdam ut quibusdam porro vitae. Culpa dolorem voluptates ea ratione. Perspiciatis incidunt magnam et praesentium quo. Minima in et eos fugiat ut nihil voluptate adipisci. Provident nobis illum magni nihil. Sit sed ab autem velit deserunt illum enim. Quia consequuntur consequuntur nam eligendi laborum. Ratione doloribus rerum dolorem ut voluptas perferendis et. Temporibus sit id ut quasi ducimus omnis.","In nemo est praesentium iste eum.","2018-10-08 03:17:14","2018-10-08 03:17:14",NULL
"34","Dolore earum consequuntur temporibus corporis voluptas necessitatibus.","Et dolores dolor omnis adipisci error sed. Consequatur harum soluta et ut est nostrum. At officiis occaecati aut adipisci beatae inventore id. Est tenetur voluptates non laboriosam assumenda perferendis quos. Velit magni voluptatem quaerat expedita. Quae et consequuntur ipsa nam nesciunt. Voluptates quis neque nobis eum omnis expedita. Fuga laboriosam laboriosam perferendis recusandae assumenda non officiis. Illo sint recusandae et ratione iusto rerum sit. Sed exercitationem corporis voluptatem et ratione sit consequatur. Incidunt vero temporibus fugit temporibus dolorem nihil. Unde a impedit dolore facilis corrupti modi consequatur.","Quo repellendus officia fugit.","2018-10-08 03:17:14","2018-10-08 03:17:14",NULL
"35","Sunt natus ut perferendis nihil libero labore nulla.","Deleniti sunt aut doloremque quo et. Odio odit natus ea consectetur debitis doloremque non. Et aut voluptatem soluta et vel facere. Et aut eum et aut praesentium maiores. Sit ad odit nulla asperiores ipsam tenetur perferendis natus. Voluptatem dolorem neque maiores autem illo atque sunt. Voluptates ea vel labore repellendus eos aut atque odio. Eaque vero odit debitis velit deleniti harum. Eum perspiciatis saepe ut ea temporibus. Debitis facilis molestiae cum asperiores modi veniam voluptas quia. Impedit eos rerum quisquam eos id quas aut. Molestiae cupiditate autem eius aut nihil perferendis maxime. Quia nobis vitae illo nisi. Asperiores rerum voluptatem quia distinctio rerum.","Eaque eum recusandae et magni eos id aut ducimus.","2018-10-08 03:17:14","2018-10-08 03:17:14",NULL
"36","Qui dicta quod delectus animi.","Atque ut ea cum autem. Doloribus aut eligendi molestiae est quod distinctio. Dolor quam eligendi animi. Ipsa voluptas soluta iusto sit aut. Quos molestiae quaerat non doloremque aliquam blanditiis. Est qui molestiae rerum vel et. Distinctio molestiae tempore pariatur. Quis tenetur officiis sit est accusamus blanditiis. Unde sequi voluptatem laborum vel hic earum. Laudantium esse aut corporis voluptatibus voluptatem.","Quia amet eum numquam ut animi.","2018-10-08 03:17:14","2018-10-08 03:17:14",NULL
"37","Voluptatibus et eius repudiandae sapiente debitis sed.","Eius suscipit magnam delectus aliquam fuga dolore sunt. Enim qui beatae atque est incidunt.","Repellendus voluptatibus nisi natus possimus placeat.","2018-10-08 03:17:14","2018-10-08 03:17:14",NULL
"38","Blanditiis non ut error et quae quos.","Laboriosam impedit aut similique et pariatur omnis. Accusantium animi sapiente maxime. Est fugit debitis eligendi quas eius.","Est quas blanditiis et laudantium quas quas.","2018-10-08 03:17:14","2018-10-08 03:17:14",NULL
"39","Autem qui voluptatem eum minima.","Similique magnam quisquam enim aut repellat omnis. Occaecati sunt quia et quia voluptatem. Aspernatur quia harum delectus nesciunt ab. Facere placeat necessitatibus distinctio delectus aspernatur nemo. Aut est sint ab est aut minus qui. Laudantium magnam sapiente quos error. Omnis possimus voluptatibus soluta quo ad esse eos omnis.","Ducimus eligendi consequuntur cumque amet et deleniti repellendus.","2018-10-08 03:17:14","2018-10-08 03:17:14",NULL
"40","Autem qui suscipit dolorum quas illum neque harum non.","Est sed enim deleniti veniam. Et quasi autem aliquam omnis fugiat et corrupti. Architecto molestias ratione eius maxime reprehenderit quas assumenda. Dolores voluptatibus minus aut est vitae. Est placeat ratione unde asperiores laborum non dicta. Aliquid rem est eos possimus laudantium qui accusantium. Porro ullam recusandae nostrum omnis architecto. Sint vitae rerum ipsa cumque laborum. Ratione ducimus deserunt doloribus et. Voluptas aliquid aut ex dolores. Ab voluptatem molestiae quia aut atque sed est eum.","Non dolor deleniti voluptate sit.","2018-10-08 03:17:14","2018-10-08 03:17:14",NULL
"41","Est autem quis consequuntur excepturi quis.","Molestias qui numquam deserunt necessitatibus et in molestiae. Earum non sequi est. Impedit eligendi voluptate nobis mollitia eum. Similique tempora fugit eligendi ratione.","Beatae quas nihil rerum placeat iure alias.","2018-10-08 03:17:14","2018-10-08 03:17:14",NULL
"42","Dolores vero deleniti corporis eum.","Sequi sit nisi reprehenderit numquam distinctio. Ex suscipit voluptatem ut mollitia aut consequatur. Enim consequatur nulla voluptatem sequi rerum. Enim id quos delectus quibusdam officia.","Ea et atque assumenda perferendis blanditiis earum.","2018-10-08 03:17:14","2018-10-08 03:17:14",NULL
"43","Aliquam optio enim porro occaecati recusandae nobis et dolores.","Earum dolor quae dicta consequatur optio consequatur rerum. Debitis consequatur ea officia reprehenderit eos sapiente mollitia vitae. Sapiente reprehenderit dolorem numquam sit qui repellendus quia.","Nam laboriosam odio non.","2018-10-08 03:17:15","2018-10-08 03:17:15",NULL
"44","Atque inventore in culpa.","Alias velit maxime culpa est omnis. Dolores est veniam possimus nam. Non ipsum fuga non reiciendis est facere. Excepturi repudiandae corrupti a dolor laboriosam asperiores. Magni numquam optio minima facilis et ut sint cum. Nemo dolores et deserunt excepturi molestiae qui. Magnam dicta velit praesentium ut.","Aliquid libero sed est.","2018-10-08 03:17:15","2018-10-08 03:17:15",NULL
"45","Assumenda et sed et enim enim culpa reprehenderit.","Voluptas dicta commodi culpa quia dolor rem. Est delectus sapiente optio ipsa aut natus possimus. Omnis necessitatibus quia maxime.","Facilis ut nam voluptas enim nobis rerum.","2018-10-08 03:17:15","2018-10-08 03:17:15",NULL
"46","Dignissimos ducimus mollitia ut voluptate ex rerum.","Consequuntur et incidunt magnam consequuntur dicta non. Earum et at veniam quaerat deserunt. Adipisci aliquid debitis facere magni inventore magni.","Veniam voluptatibus explicabo quidem aut alias nobis qui.","2018-10-08 03:17:15","2018-10-08 03:17:15",NULL
"47","Non et voluptas et dolores.","Quia autem provident dolorem quasi. Exercitationem quis excepturi assumenda blanditiis velit veniam neque tempora. Dignissimos nam non officiis qui ea ut sequi. Sapiente qui consequatur facere tenetur laudantium. Quos dolores non cumque eius. Similique iure quisquam ut sapiente et aspernatur veritatis. Eaque quod magni placeat natus.","Ullam impedit aut nostrum mollitia aperiam voluptas.","2018-10-08 03:17:15","2018-10-08 03:17:15",NULL
"48","Quas in autem minus nobis.","Sed perspiciatis laudantium praesentium consequatur vitae ut. Soluta alias recusandae tempore ipsam. Accusantium amet magni dolor quasi. Quaerat et laudantium qui modi culpa dicta. At sint dignissimos velit asperiores quis nesciunt et. Consequatur nam et sed exercitationem nisi perferendis. Et dignissimos et neque qui quia iste. Quaerat libero quo voluptatem rem et. Aut quasi eos qui nam.","Maiores accusamus quia mollitia repellat aut id qui.","2018-10-08 03:17:15","2018-10-08 03:17:15",NULL
"49","Vel repellat eum dolore.","Officia incidunt ut amet quis suscipit sapiente maiores. Quis consequuntur perferendis nobis quas laborum molestias. Vel illo incidunt quos ducimus. Inventore dolor voluptatem ab tempora voluptates. Ducimus atque labore sint voluptatem dicta. Omnis repudiandae in et et velit quod. Sed quia dicta repudiandae non. Ullam libero odio quae illum ut inventore. Earum sit molestiae dolor omnis aut sint.","Vitae impedit ipsam consequatur in non.","2018-10-08 03:17:15","2018-10-08 03:17:15",NULL
"50","Consequatur voluptatem sed ut doloremque hic explicabo.","Molestias sit rerum voluptatibus ad voluptatem quis. Harum quae adipisci repellendus dolorum labore saepe. Similique non dolorem rerum et doloribus quaerat corporis. Aliquid fugiat quis commodi autem praesentium. Et quia qui est iure quia. Rerum repudiandae totam sint soluta quam sapiente dolore pariatur. Libero cumque aut sed harum. Vel reprehenderit error tempora dignissimos repudiandae quibusdam. Est sunt eius quis iste quibusdam dolores sunt dicta.","Dolor maxime rerum neque eveniet illo.","2018-10-08 03:17:15","2018-10-08 03:17:15",NULL
"51","Tempora ut impedit ut ad velit ut corrupti.","Eligendi nisi voluptatem velit culpa similique inventore fuga. Deserunt dolore blanditiis numquam blanditiis placeat. Molestias molestiae aut enim quae ea.","Nulla molestiae distinctio eum aut quas fuga.","2018-10-08 03:17:15","2018-10-08 03:17:15",NULL
"52","Non qui nobis consectetur est omnis.","Doloribus pariatur distinctio eum tenetur ut deserunt. Beatae et numquam voluptatibus dignissimos ad vitae. Qui facere possimus magnam eveniet est sapiente soluta est.","Explicabo vitae illum commodi nesciunt non nisi ad.","2018-10-08 03:17:15","2018-10-08 03:17:15",NULL
"53","Beatae rerum enim ut hic dolores.","Commodi nostrum unde iste et nisi. Et quidem tempora nam repellat veniam. Et et qui porro voluptatem ipsum laborum. Consequuntur omnis hic atque. Autem perferendis ab temporibus ut. Totam provident eius expedita nobis qui aspernatur. Ipsam sed velit rerum debitis cumque perferendis commodi. Autem dolorem pariatur incidunt est facilis tenetur repudiandae.","Distinctio quam quasi assumenda nisi sint possimus.","2018-10-08 03:17:15","2018-10-08 03:17:15",NULL
"54","Ad quis eaque tempore iusto quasi voluptates.","Vero molestias et totam animi aut totam. A omnis quos vitae qui beatae. Quo enim tempore commodi est. Fuga numquam optio et repudiandae. Id soluta ea quod repellendus voluptas. Eaque earum commodi ut. Fugiat adipisci dolor eum omnis architecto. Ex vel autem necessitatibus aliquid.","Laborum itaque distinctio officiis quia ut doloribus odit aliquam.","2018-10-08 03:17:15","2018-10-08 03:17:15",NULL
"55","Eos molestiae pariatur animi molestiae id.","Cupiditate qui asperiores et eius omnis exercitationem accusantium cupiditate. Sint eos unde qui consequuntur in. Quis fugit sunt quod ad earum. Vel similique animi quia velit voluptas quia ipsam. Eum accusantium eaque fugit fuga autem dicta et. Iure perspiciatis maxime et. Laborum ab illo id rem sunt dolor necessitatibus corporis. Sed quo eum cupiditate ut sit ad. Rem ut suscipit quia ab. Doloribus nihil voluptatem et. Quae sed voluptatibus qui voluptatum corporis. Amet sequi natus est doloribus. Et maiores qui adipisci minima eos. Blanditiis excepturi magnam eum facilis quam.","Quaerat ut impedit voluptatem corrupti ut est est.","2018-10-08 03:17:15","2018-10-08 03:17:15",NULL
"56","Illo pariatur hic magnam commodi.","Commodi voluptatem sunt quaerat impedit et omnis culpa maiores. Vitae quo eligendi eveniet est sapiente impedit in. Voluptates et exercitationem ut sunt velit sequi dolor voluptatem.","Soluta vero qui fugit veniam illo aut accusamus.","2018-10-08 03:17:15","2018-10-08 03:17:15",NULL
"57","Molestiae quia expedita quidem ea sit.","Ratione corporis autem laboriosam odit quo ipsa voluptatem. Natus neque sequi esse sunt optio voluptas. Praesentium illum cupiditate quae et culpa quia.","Qui non similique quas reiciendis minus.","2018-10-08 03:17:15","2018-10-08 03:17:15",NULL
"58","Et quis harum harum nesciunt.","Voluptate quo voluptatem sint et incidunt architecto. Accusantium neque rerum quis sunt ut facere. Veritatis minus consequatur quasi molestiae provident. Dolor possimus nobis est quia in. Explicabo odit impedit voluptas inventore vitae quaerat.","Maiores veritatis mollitia mollitia reprehenderit.","2018-10-08 03:17:15","2018-10-08 03:17:15",NULL
"59","Libero laudantium voluptas vero est.","Voluptas quia et aut commodi. Unde harum qui modi et soluta a. Sunt illum provident at non tenetur.","Sint dolor quibusdam sed aut.","2018-10-08 03:17:15","2018-10-08 03:17:15",NULL
"60","Ut rerum eius doloribus cupiditate reprehenderit at impedit ut.","Aut enim fuga harum dignissimos. Sed doloremque quidem soluta qui delectus voluptas. Illum veniam tempore hic sapiente possimus qui. Sequi id ipsum reiciendis aperiam consectetur. Aspernatur rem architecto est mollitia quibusdam harum. Voluptatem vel aut nam nesciunt id corrupti non magnam.","Sit soluta quaerat sint et laborum similique.","2018-10-08 03:17:15","2018-10-08 03:17:15",NULL
"61","Cum maiores molestiae qui veritatis non nesciunt.","Eveniet minima blanditiis dolores assumenda inventore. Quaerat assumenda beatae praesentium perspiciatis molestiae neque eum. Et a illo qui rerum beatae. Et molestiae eligendi et voluptates facere iste. Eius sed sit doloribus aut optio. Voluptatem officiis illum placeat dignissimos exercitationem doloribus vel est. Ratione ipsum sit est error odio soluta at. Minus sint occaecati neque adipisci facere sit. Amet aperiam vel qui unde facilis sint quia. Ab consequatur atque atque voluptates. Quia harum id voluptatem aut. Quibusdam impedit sit omnis et. Velit qui ipsum tempore illum.","Nemo quaerat vel sint qui illo et distinctio.","2018-10-08 03:17:15","2018-10-08 03:17:15",NULL
"62","Autem molestiae dolorem iusto et.","Molestias eum quia veritatis nobis quis quae. Officiis magnam voluptate laborum nulla ullam placeat voluptatem.","Consectetur error sequi placeat rerum.","2018-10-08 03:17:15","2018-10-08 03:17:15",NULL
"63","Dolor reiciendis eos aut.","Et omnis libero exercitationem. Corrupti eos ipsa earum inventore soluta. Mollitia veniam ipsum excepturi labore. Excepturi aspernatur soluta voluptatem qui non consequatur eum. Quia id est excepturi qui enim dolorem aut. Minima reiciendis nemo ipsam qui. Aliquid quaerat aut earum soluta. Numquam harum ducimus et qui soluta.","Vero reiciendis possimus eum dolorum.","2018-10-08 03:17:15","2018-10-08 03:17:15",NULL
"64","Adipisci vel porro rem eaque illo.","Error quisquam sunt rem ipsum perspiciatis. Fugit ad iure harum architecto tenetur. Esse officiis sed a repellat at accusantium. Maxime aut quasi itaque optio rerum inventore. Enim repellat quasi pariatur velit accusamus voluptatem debitis et. Dolor aut est fugiat facere vel veritatis minima ea. Aperiam eius quidem repudiandae magnam.","Rem fugiat nihil voluptatem similique qui excepturi laborum.","2018-10-08 03:17:15","2018-10-08 03:17:15",NULL
"65","Quod voluptatem dolore illo.","Vero delectus eos sunt fuga voluptate vel. Reiciendis reiciendis reprehenderit iure ut quas numquam sit architecto. Autem deserunt consequatur dolorum maiores dolor. Saepe voluptatem ut occaecati aut est labore earum. Minus ut itaque iste hic aut natus tempora. Et accusamus quaerat laborum impedit et quis facere.","Est eligendi nihil qui nostrum quo.","2018-10-08 03:17:15","2018-10-08 03:17:15",NULL
"66","Magni qui voluptas natus adipisci optio possimus consequatur.","Accusamus quibusdam nobis sit. At vitae autem qui reprehenderit enim qui. Nemo et dolorum est.","Corporis quia architecto vero porro soluta incidunt.","2018-10-08 03:17:15","2018-10-08 03:17:15",NULL
"67","Labore ea debitis molestiae quasi libero.","Praesentium minima inventore quia quibusdam neque at eius. Natus vel impedit dolorem ea. Vitae dolorem ipsa ut suscipit cum harum consequuntur. Enim delectus placeat iusto quis recusandae eligendi. Reprehenderit praesentium quam sunt sint reiciendis a officiis tenetur. Id sunt sed labore iure sunt. Officia sapiente officia repellendus ut. Pariatur et quae eum velit quibusdam reiciendis. Ea hic dolor alias accusantium consequatur ullam. Deserunt vel animi ea voluptates consequatur est ut aut.","Ipsa voluptatem nihil natus amet ut.","2018-10-08 03:17:15","2018-10-08 03:17:15",NULL
"68","Praesentium quia asperiores et velit aut fuga.","Molestiae in et ea neque dolor sapiente. Aspernatur aut dolorum tempore molestiae consectetur. Quo doloribus tempore ut ea. Molestias sint delectus quis omnis aliquid. Quae eos aperiam qui nesciunt. Omnis voluptas iusto dolores enim quod sed quisquam. Et id molestiae harum beatae harum velit suscipit.","Dicta et repellat deserunt magni enim.","2018-10-08 03:17:15","2018-10-08 03:17:15",NULL
"69","At nihil molestias ipsa.","Iste debitis et quam distinctio et. Laboriosam quo iusto aut qui corporis. Eum sed laudantium reiciendis doloremque. Qui repellendus et incidunt est omnis ut.","Impedit consequuntur tenetur natus iste consequatur.","2018-10-08 03:17:15","2018-10-08 03:17:15",NULL
"70","Sit quibusdam eveniet qui necessitatibus dolor eligendi.","Ullam autem sed iure cum molestias distinctio. Rerum qui at voluptatem alias. Quidem aliquid dolores nostrum suscipit.","Natus omnis nostrum dolorem nemo quas.","2018-10-08 03:17:15","2018-10-08 03:17:15",NULL
"71","Quaerat dignissimos sequi voluptates mollitia dolorum fuga sed.","Sunt ut esse magni quia quos veniam. Non ut temporibus veritatis quod delectus ducimus aut. Nobis eum quaerat similique rerum consequatur aut aperiam. Suscipit ea nisi qui nisi voluptates libero quisquam. Blanditiis commodi ea quo vel vero doloremque. Ducimus eum eum eos et. Temporibus temporibus adipisci et itaque fugit. Qui consequatur a necessitatibus architecto. Minima minima corrupti rerum reiciendis. Perferendis quas rerum placeat praesentium consequatur et. Sit voluptatem assumenda ipsa assumenda. Dolores labore aspernatur atque mollitia repellat dolorem labore sint. Ut soluta vel est sit est. Inventore aut maiores earum nam.","Accusamus dolorem labore unde rerum voluptatum doloremque.","2018-10-08 03:17:15","2018-10-08 03:17:15",NULL
"72","Consequatur blanditiis autem nihil omnis omnis ex.","Pariatur cumque blanditiis voluptas error. Laudantium velit eos nihil corrupti aperiam. Dolorem provident eum neque doloremque et nam eum. Dolores eum delectus et omnis sed laborum. Officiis hic voluptatem sunt. Et provident tempore dolorem iste ab. Incidunt corporis velit totam qui.","Vel eum ab nemo esse et.","2018-10-08 03:17:15","2018-10-08 03:17:15",NULL
"73","Consequuntur eligendi doloribus quia aspernatur quas ut iste.","Enim cumque doloremque praesentium. Nesciunt consequatur distinctio sunt accusamus. Quam fuga cum eaque nam quo. Rerum magnam qui molestiae et fugit maiores praesentium.","Distinctio et ducimus rem distinctio.","2018-10-08 03:17:16","2018-10-08 03:17:16",NULL
"74","Ad et ab et dolorem.","Dolorem velit rerum rem nesciunt quasi. Necessitatibus esse et est excepturi. Et blanditiis ut quam maxime dolorem. Occaecati incidunt rerum deserunt fugiat. Quia excepturi est nulla saepe quia dolores ut.","Aperiam sit et doloribus ea voluptatem ut aut eligendi.","2018-10-08 03:17:16","2018-10-08 03:17:16",NULL
"75","Ut est vitae quaerat libero harum sed aperiam.","Magni excepturi officia magnam ad est maxime. Nam assumenda voluptas eius recusandae vitae similique. Porro quae harum exercitationem id voluptates deserunt ipsum.","Eos assumenda ad ut et dicta numquam quas eveniet.","2018-10-08 03:17:16","2018-10-08 03:17:16",NULL
"76","Vel qui maxime excepturi est dolores corrupti ut.","Voluptatem repellat placeat rerum ex sed est molestiae. Quis consequatur id quis est rem cum. Voluptatum tempore voluptatem autem rem non mollitia quia molestiae. Exercitationem ducimus nihil quo eum minus ut voluptas maiores. Molestias delectus eum expedita et. Ipsum dolorum architecto commodi neque deleniti amet eveniet. Magni non et totam. Animi non et eum.","Architecto consectetur impedit hic ea.","2018-10-08 03:17:16","2018-10-08 03:17:16",NULL
"77","Voluptas dicta adipisci molestias ea soluta.","Porro qui nulla id et et. Ut sed illum fugiat qui.","Quo et reprehenderit est dolorem non eos.","2018-10-08 03:17:16","2018-10-08 03:17:16",NULL
"78","Et asperiores ut sunt.","Esse autem sunt itaque quas. Omnis quo in ab debitis aperiam omnis. Eos et minima asperiores et. Et corrupti illo qui tempore.","Ut ipsa adipisci qui repellat.","2018-10-08 03:17:16","2018-10-08 03:17:16",NULL
"79","Cumque aut aliquid quisquam quas.","Consequatur omnis commodi ut quis. Laudantium dignissimos qui voluptate.","Labore enim molestiae commodi omnis.","2018-10-08 03:17:16","2018-10-08 03:17:16",NULL
"80","Fugit placeat recusandae nesciunt quis sed perferendis non excepturi.","Consectetur nesciunt vitae quibusdam officiis repellat cumque. Earum est et dolor sint. Impedit molestias dolorem maiores neque soluta. Consectetur dignissimos et et.","Quos veritatis voluptatibus magnam cupiditate.","2018-10-08 03:17:16","2018-10-08 03:17:16",NULL
"81","Deleniti voluptate enim nisi necessitatibus corporis.","Molestias et rem corporis labore voluptatem qui. Voluptatem pariatur cum qui iste at. Rerum delectus nemo mollitia totam voluptatem quos qui. Ut quo ipsum voluptatem.","Sit vero praesentium minima dolorem.","2018-10-08 03:17:16","2018-10-08 03:17:16",NULL
"82","Sit repellendus occaecati commodi eos molestiae.","Repellendus sed dolores accusamus aliquam dolor. Et doloribus quis rem soluta totam vel est cumque. Sint exercitationem autem provident repudiandae dignissimos alias. Voluptas quo aut ea voluptatum soluta expedita libero. Asperiores laborum quaerat quae nostrum.","Omnis aperiam vero et facere.","2018-10-08 03:17:16","2018-10-08 03:17:16",NULL
"83","Architecto dolores aut beatae qui eaque omnis eligendi.","Architecto quam commodi et porro ut velit. Qui optio dicta doloribus voluptatem. Voluptatem fugiat suscipit et eos autem. Consequatur autem aut eos. Nihil dolores exercitationem ut iure consequatur tempora impedit.","Consequuntur tenetur vel sit eveniet.","2018-10-08 03:17:16","2018-10-08 03:17:16",NULL
"84","Debitis et eligendi quia a.","Asperiores non explicabo voluptatibus totam facilis voluptatibus repellendus. Laborum natus non aspernatur iure.","Ex et exercitationem accusantium atque.","2018-10-08 03:17:16","2018-10-08 03:17:16",NULL
"85","Repellendus minima hic aspernatur laboriosam necessitatibus vero quia laudantium.","Tempora deserunt qui et qui non ut. Velit ipsam est cupiditate labore quis voluptatem. Necessitatibus praesentium eaque eos qui nostrum.","Soluta sint praesentium repudiandae alias excepturi fuga est.","2018-10-08 03:17:16","2018-10-08 03:17:16",NULL
"86","Sit ab doloribus voluptatem unde tenetur numquam cumque.","Nesciunt id consequatur quod architecto enim quas provident. Earum qui impedit omnis. Beatae incidunt perferendis eos quia et est totam molestiae. In maxime minima iste modi quis. Nihil omnis sequi ea fuga. Omnis atque illo mollitia iusto blanditiis. Fugit fugiat aut laborum et reiciendis. Tempora quia laudantium voluptas dolorem vitae aut.","Tenetur ut qui nihil voluptas enim.","2018-10-08 03:17:16","2018-10-08 03:17:16",NULL
"87","Autem ut consequuntur omnis molestiae dolores maiores minus.","Vero et dolorem autem accusamus. Veniam est modi quas quo id dolore. Exercitationem quae sed accusantium consequatur debitis sed veniam. Debitis in aperiam voluptatem optio temporibus. Iusto quia et aliquam aut omnis repellendus facilis. Qui quas id minus id omnis. Sit hic quia ut consequatur unde non. Deleniti animi ullam omnis aut quis voluptas. Doloribus illum iste dignissimos itaque harum mollitia praesentium. Corporis assumenda possimus quia qui vel facere itaque.","Alias dolores iure est et.","2018-10-08 03:17:16","2018-10-08 03:17:16",NULL
"88","Quidem voluptatum et eum repellendus veritatis minus corporis.","Occaecati placeat rem est ab quasi facere consequatur fuga. Inventore modi pariatur aut pariatur. Harum et sapiente vel autem. Ut nostrum qui aut iste similique facere rerum. Odio laudantium quod eum nam fuga dolorum id. Recusandae autem perspiciatis necessitatibus magnam. Optio laudantium et et ut ea ea dolorem. Aut doloremque nihil velit necessitatibus asperiores expedita vel. Eum reprehenderit esse quam quos accusantium eos ut. Dolorum fugit eligendi labore. Aliquid eveniet deserunt officia sit debitis.","Architecto optio ad sint enim eaque ipsa ad.","2018-10-08 03:17:16","2018-10-08 03:17:16",NULL
"89","Porro aspernatur tempora sed sit omnis est.","Incidunt voluptatem consequatur temporibus maxime laborum. Eaque sint quia nihil repellat blanditiis. Et nulla quas aut natus natus vel dicta. Et inventore officiis quia.","Deserunt culpa reprehenderit quod delectus quibusdam iure perferendis.","2018-10-08 03:17:16","2018-10-08 03:17:16",NULL
"90","Rerum distinctio illo qui repellendus sunt.","Velit omnis sunt omnis temporibus sunt sed blanditiis. Vel neque aperiam qui qui reprehenderit quos non. Autem fugit in et aut modi quidem. Eligendi sequi deleniti recusandae maiores alias eius. Qui provident voluptas deserunt placeat quia molestiae. Ut explicabo est iure saepe distinctio non. Et neque assumenda voluptatibus ipsam nam sint enim. Facilis asperiores quidem molestiae illo ea ut. Neque explicabo ratione voluptas beatae. Voluptate est sint dolor voluptatem possimus consequatur. Quidem nam ut iusto inventore quisquam sit. Est a facere et blanditiis asperiores.","Ut natus sed debitis voluptatibus iste vitae.","2018-10-08 03:17:16","2018-10-08 03:17:16",NULL
"91","Voluptas id nisi quibusdam tempora.","Quas suscipit qui ut odio esse similique. Enim accusamus qui qui doloremque vero at consequatur consequatur. Velit autem repellat nemo non incidunt est.","Voluptate voluptatem et tempora sequi non.","2018-10-08 03:17:16","2018-10-08 03:17:16",NULL
"92","Ipsa aut ut enim quae et.","A alias aspernatur laboriosam voluptas enim. Ad provident consequatur vitae voluptas veniam eligendi sed. Omnis in nemo commodi ab numquam velit atque. Minus et nam placeat facere veniam et consequatur ipsum. Dolorum dolorem dolorem id et repellat sint. Assumenda excepturi numquam non dolorem est sed.","Rerum magni sint error.","2018-10-08 03:17:16","2018-10-08 03:17:16",NULL
"93","Tempore ratione nobis assumenda eveniet.","Soluta omnis dolores laudantium voluptas est occaecati rerum. Et reprehenderit ducimus veniam consequuntur.","Aliquam totam quaerat modi accusamus facilis dolor.","2018-10-08 03:17:16","2018-10-08 03:17:16",NULL
"94","Corporis minus ab dolorem possimus culpa maxime sed.","Nostrum voluptatem nemo dignissimos nesciunt. Vero totam porro quaerat sed. Vel repudiandae quia ut sequi ut quia. Rem quaerat a commodi recusandae.","Aut nulla blanditiis eos id.","2018-10-08 03:17:16","2018-10-08 03:17:16",NULL
"95","Eum commodi alias molestiae exercitationem recusandae nam.","Voluptatem quis et quaerat et rerum ex. In esse non doloribus repellendus qui quia amet. Nam rerum nulla molestias. Atque nostrum totam ut possimus alias voluptate. Veniam repellendus inventore quos omnis consectetur.","Debitis iusto est et beatae qui dolorem omnis.","2018-10-08 03:17:16","2018-10-08 03:17:16",NULL
"96","Velit sunt molestiae rerum quibusdam debitis voluptatum molestias.","Nobis vero cupiditate neque qui. Natus non possimus ipsa dolorem. Vel rem numquam est voluptate. Sit non sint quia et enim rem. In ad inventore aut aut et.","Rerum veniam maiores aliquid error laudantium quod enim.","2018-10-08 03:17:17","2018-10-08 03:17:17",NULL
"97","Fugit rerum et impedit ut iure ut fugit.","Quisquam optio corporis nihil perspiciatis laudantium. Culpa facere dolores et fugiat nemo. Aut id qui tenetur a aliquam in facilis. Accusantium eum est laudantium deserunt non tempore ratione. Voluptas ab omnis voluptatem beatae rerum exercitationem. Omnis aut impedit vero ab. Dolore ad ab excepturi possimus earum inventore.","Similique rem reprehenderit similique ut consectetur sit.","2018-10-08 03:17:17","2018-10-08 03:17:17",NULL
"98","Deleniti rerum corporis laborum consequatur sapiente eos officiis.","Exercitationem odit distinctio nihil. Rerum aut quos blanditiis. Nam voluptas quam et perferendis. Quo necessitatibus facere dolorem ad at voluptas laborum libero. Aspernatur quod sed molestiae sint rem ea inventore. Aspernatur tenetur aut est dignissimos reprehenderit et. Hic dolor a possimus ut aut sed placeat. Est facilis eius hic a expedita alias maxime vel. Cum cum voluptatibus omnis exercitationem adipisci. Consequuntur temporibus odit velit itaque recusandae doloribus consectetur. Quia aut esse ipsum nemo.","Officiis eligendi aspernatur sint quia mollitia.","2018-10-08 03:17:17","2018-10-08 03:17:17",NULL
"99","Aliquam suscipit molestiae beatae voluptas nam consequuntur et.","Aut beatae praesentium alias. Sunt nulla deleniti aspernatur facilis incidunt. Nihil qui dolorum excepturi earum pariatur mollitia.","Rerum expedita odit mollitia totam earum dicta consequatur.","2018-10-08 03:17:17","2018-10-08 03:17:17",NULL
"100","Placeat voluptate voluptatum eum ut.","Occaecati et aut ullam illo dolor deserunt ea. Hic optio aut explicabo porro odio odit id. Dolorem velit nulla ut saepe.","Suscipit odio repellendus excepturi voluptatem amet.","2018-10-08 03:17:17","2018-10-08 03:17:17",NULL
